Платформа,Назва,Опис,Ціна,Регіон,Категорія
DIM.RIA,"вул. Роксоляни, 163","64 900 $ 1 349 $ за м² Додати в обране вул. Роксоляни, 163 Левандівка · Залізничний · Львів · ЖК R2 residence 1 кімната 48.1 м² 11 поверх з 12 Світла та простора квартира у новобудові 
ЖК R2 Residence

Площа: 48.1 м²
Поверх: 11/12 (не останній поверх)

великий плюс  панорамне вікно і відкритий вид, багато природного світла в квартирі

сучасний житловий комплекс

просторий двір, дитячий та спортивний майданчики, магазини.

будинок вже заселений

Квартира після забудовника  можна зробити ремонт повністю під себе
без демонтажу і зайвих витрат

 вільне планування, можливість переобладнати в 2-кімнатну

Поруч є все для комфортного життя: магазини, транспорт, парк, школа і садок

Хороший варіант як для проживання, так і під інвестицію

Оформлення через переуступку
право власності одразу оформляється на нового власника
без зайвих процедур і затягування

Продаж від власника, без комісії

Телефонуйте або пишіть  домовимось про перегляд Продається квартира · Опубліковано 6 кві. · Перевірено
                    
                        6 кві.",64900,Львів,Будинки
DIM.RIA,,"Світла та простора квартира у новобудові 
ЖК R2 Residence

Площа: 48.1 м²
Поверх: 11/12 (не останній поверх)

великий плюс  панорамне вікно і відкритий вид, багато природного світла в квартирі

сучасний житловий комплекс

просторий двір, дитячий та спортивний майданчики, магазини.

будинок вже заселений

Квартира після забудовника  можна зробити ремонт повністю під себе
без демонтажу і зайвих витрат

 вільне планування, можливість переобладнати в 2-кімнатну

Поруч є все для комфортного життя: магазини, транспорт, парк, школа і садок

Хороший варіант як для проживання, так і під інвестицію

Оформлення через переуступку
право власності одразу оформляється на нового власника
без зайвих процедур і затягування

Продаж від власника, без комісії

Телефонуйте або пишіть  домовимось про перегляд",2,,Будинки
DIM.RIA,вул. Пасічна,"110 000 $ 2 750 $ за м² Додати в обране вул. Пасічна Личаківський · Львів 1 кімната 40 м² 5 поверх з 9 Терміново Поруч з парком Терміново! Ціну знижено!

Продаж 1-кімнатної квартири з видом на парк Погулянка
Пропонується сучасна 1-кімнатна квартира у новобудові на вул. Пасічна, 94а.
Квартира з повністю завершеним ремонтом у дизайнерському стилі, виконаним для себе з високою якістю.

Характеристики:
	Площа: 43 м² (житлова  18 м², кухня  15 м²)
	Поверх: 5  
	Кількість кімнат: 1
	Індивідуальне опалення (газовий котел)
	Тип будинку: цегляний, новобудова

Переваги та оснащення:
	Сучасний дизайнерський ремонт
	Підігрів підлоги
	Кондиціонер
	Посудомийна машина
	Повністю умебльована та оснащена всією необхідною технікою
	Панорамні вікна з чудовим виглядом на парк «Погулянка»
	Абсолютно нова  ніхто не проживав

Будинок:
	Новобудова
	Ліфт
	Паркінг

Вартість: 110 000 $
Квартира вільна для заселення, документи готові.
Телефонуйте, щоб домовитись про перегляд чи отримати додаткову інформацію. Продаю квартиру · Опубліковано 22 гру. 2025 · Перевірено
                    
                        22 гру. 2025",110000,Львів,Будинки
DIM.RIA,,"Терміново! Ціну знижено!

Продаж 1-кімнатної квартири з видом на парк Погулянка
Пропонується сучасна 1-кімнатна квартира у новобудові на вул. Пасічна, 94а.
Квартира з повністю завершеним ремонтом у дизайнерському стилі, виконаним для себе з високою якістю.

Характеристики:
	Площа: 43 м² (житлова  18 м², кухня  15 м²)
	Поверх: 5  
	Кількість кімнат: 1
	Індивідуальне опалення (газовий котел)
	Тип будинку: цегляний, новобудова

Переваги та оснащення:
	Сучасний дизайнерський ремонт
	Підігрів підлоги
	Кондиціонер
	Посудомийна машина
	Повністю умебльована та оснащена всією необхідною технікою
	Панорамні вікна з чудовим виглядом на парк «Погулянка»
	Абсолютно нова  ніхто не проживав

Будинок:
	Новобудова
	Ліфт
	Паркінг

Вартість: 110 000 $
Квартира вільна для заселення, документи готові.
Телефонуйте, щоб домовитись про перегляд чи отримати додаткову інформацію.",1,,Будинки
DIM.RIA,вул. Григорія Сковороди,"135 000 $ 2 733 $ за м² Додати в обране вул. Григорія Сковороди Личаків · Личаківський · Львів 2 кімнати 49 м² 1 сотка 4 поверхи Новий ремонт Престижний район Біля лісу продаємо унікальний будинок з терасою
історичний  Львів
вул.Георгія Сковороди
50кв.м загальної площі
4-ох поверхвоий
утепленний фасад
будівництво 2023-го
чудовий варіант для інвестиції, оренда 700$|міс

будинок вежа
сучасний авторський проект, з якісним оздобленням
2 кімнати, ізольована спальня, вітальня, кухня
гардеробна, два балкони, два санвузла
нові якісні меблі, 
тераса з виглядом на Високий замок
уся нова побутова техніка, якісна сантехніка
підігрів підлоги, індукційна плита, кондиціонування
індивідуальне опалення, потужність 10квт, безперебійне водопостачання
облагороджена прибудинкова територія, подвір'я та безкоштовний паркінг
до будинку також є комора
чудовий варіант для інвестиції, вартість такої нерухомості 700$|міс

геолокацію надішлю за запитом
огляди, у будь який, зручний для Вас час
телефонуйте, за номером що вказанний в оголошенні
або ж пишіть, у зручний для Вас месенджер

запрошую до співпраці, власників нерухомості
повний спектр послуг на ринку
купівля
продаж
оренда
юридичний супровід
безкоштовна консультація Продам будинок · Опубліковано 16 січ.",135000,Львів,Будинки
DIM.RIA,,"продаємо унікальний будинок з терасою
історичний  Львів
вул.Георгія Сковороди
50кв.м загальної площі
4-ох поверхвоий
утепленний фасад
будівництво 2023-го
чудовий варіант для інвестиції, оренда 700$|міс

будинок вежа
сучасний авторський проект, з якісним оздобленням
2 кімнати, ізольована спальня, вітальня, кухня
гардеробна, два балкони, два санвузла
нові якісні меблі, 
тераса з виглядом на Високий замок
уся нова побутова техніка, якісна сантехніка
підігрів підлоги, індукційна плита, кондиціонування
індивідуальне опалення, потужність 10квт, безперебійне водопостачання
облагороджена прибудинкова територія, подвір'я та безкоштовний паркінг
до будинку також є комора
чудовий варіант для інвестиції, вартість такої нерухомості 700$|міс

геолокацію надішлю за запитом
огляди, у будь який, зручний для Вас час
телефонуйте, за номером що вказанний в оголошенні
або ж пишіть, у зручний для Вас месенджер

запрошую до співпраці, власників нерухомості
повний спектр послуг на ринку
купівля
продаж
оренда
юридичний супровід
безкоштовна консультація",50,Львів,Будинки
DIM.RIA,"вул. Кричевського Михайла, 55","195 000 $ 1 500 $ за м² Додати в обране вул. Кричевського Михайла, 55 Залізничний · Львів 3 кімнати 3 поверхи 130 м² 1 сотка Спокійний район Престижний район Біля лісу Таунхаус «Central Таунхаус» від будівельної компанії SV house development 
ЖК «Central Таунхаус»
Спарені таунхауси, які знаходяться у місті Львів по вулиці Кричевського і по вулиці Євського (бічна вул.Патона)
Всі комунікації підключені, до всі фасадно-вуличні роботи виготовлені на 80%
* затишна садибна забудова;
* розвинена інфраструктура, поліклініка, садочки, школи, супермаркети, зупинки громадського транспорту;
* приватизована земля;
* закрита територія;
* власний гараж, місце для авто;
* великі тераси;
* місце для барбекю;
* центральна каналізація та водопостачання;
* лічильники електро-, водо- та газо-
* двохфункційний конденсаційний котел Viessmann;
* енергоефективні стіни (керамаблок) 
*утеплення графітовим пінопластом 100мм;
*клінкерний фасад;
* залізобетонні перекриття, монолітні сходи;
*штукатурені стіни;
* вільне планування;
* металопластикові вікна - семикамерний віконний ПВХ профіль VEKA SOFTLINE 82 склопакет 52мм
* вхідні двері Страж Proof Rio, гаражні ворота з автоматикою Hörmann;
* ворота Bonafence з автоматикою, огорожа, благоустрій, відеоспостереження..
* можна проводити внутрішні роботи Продаю будинок · Опубліковано 5 бер. 2025 · Перевірено
                    
                        5 бер. 2025",195000,Львів,3-кімнатні квартири
DIM.RIA,,3 кімнати 3 поверхи 130 м² 1 сотка,3,,3-кімнатні квартири
DIM.RIA,,"Таунхаус «Central Таунхаус» від будівельної компанії SV house development 
ЖК «Central Таунхаус»
Спарені таунхауси, які знаходяться у місті Львів по вулиці Кричевського і по вулиці Євського (бічна вул.Патона)
Всі комунікації підключені, до всі фасадно-вуличні роботи виготовлені на 80%
* затишна садибна забудова;
* розвинена інфраструктура, поліклініка, садочки, школи, супермаркети, зупинки громадського транспорту;
* приватизована земля;
* закрита територія;
* власний гараж, місце для авто;
* великі тераси;
* місце для барбекю;
* центральна каналізація та водопостачання;
* лічильники електро-, водо- та газо-
* двохфункційний конденсаційний котел Viessmann;
* енергоефективні стіни (керамаблок) 
*утеплення графітовим пінопластом 100мм;
*клінкерний фасад;
* залізобетонні перекриття, монолітні сходи;
*штукатурені стіни;
* вільне планування;
* металопластикові вікна - семикамерний віконний ПВХ профіль VEKA SOFTLINE 82 склопакет 52мм
* вхідні двері Страж Proof Rio, гаражні ворота з автоматикою Hörmann;
* ворота Bonafence з автоматикою, огорожа, благоустрій, відеоспостереження..
* можна проводити внутрішні роботи",80,Львів,Будинки
DIM.RIA,вул. Тернова,"65 000 $ 925 $ за м² Додати в обране вул. Тернова Сигнівка · Залізничний · Львів 2 кімнати 70 м² 2 поверхи Терміново Біля лісу ТЕРМІНОВИЙ ПРОДАЖ БУДИНКУ! 
 Вигідна ціна + можливий торг!

 Продається будинок по вул. Тернова
Загальна площа  70 м²

 Переваги будинку:
 2 поверхи + окремий вхід на другий поверх (ідеально під оренду або для двох сімей)
 3 кімнати
 Є горище (можна облаштувати під додатковий простір)
 Будинок спарений, але має своє зелене подвіря 
 Гараж для авто 

 Стан будинку:
 Середній стан
 Потребує ремонту:
 на 1 поверсі: 2 кімнати, кухня та вигоди
 на 2 поверсі: 1 кімната та кухня

 Комунікації:
 Власне опалення
 Є колодязь
 Каналізація не проведена, але є дозвіл на підключення

 Ціна: 65 000 $
 Реальному покупцю  торг!

 Телефон: XXX XXX XX XX (Анна)

️ Чудовий варіант для тих, хто хоче зробити ремонт під себе або під інвестицію!
Не зволікайте  дзвоніть вже сьогодні! Продаж будинку · Опубліковано 29 бер.",65000,Львів,3-кімнатні квартири
DIM.RIA,вул. Григорія Сковороди,"135 000 $ 2 733 $ за м² Додати в обране вул. Григорія Сковороди Личаків · Личаківський · Львів 2 кімнати 49 м² 1 сотка 4 поверхи Новий ремонт Престижний район Біля лісу продаємо унікальний будинок з терасою
історичний  Львів
вул.Георгія Сковороди
50кв.м загальної площі
4-ох поверхвоий
утепленний фасад
будівництво 2023-го
чудовий варіант для інвестиції, оренда 700$|міс

будинок вежа
сучасний авторський проект, з якісним оздобленням
2 кімнати, ізольована спальня, вітальня, кухня
гардеробна, два балкони, два санвузла
нові якісні меблі, 
тераса з виглядом на Високий замок
уся нова побутова техніка, якісна сантехніка
підігрів підлоги, індукційна плита, кондиціонування
індивідуальне опалення, потужність 10квт, безперебійне водопостачання
облагороджена прибудинкова територія, подвір'я та безкоштовний паркінг
до будинку також є комора
чудовий варіант для інвестиції, вартість такої нерухомості 700$|міс

геолокацію надішлю за запитом
огляди, у будь який, зручний для Вас час
телефонуйте, за номером що вказанний в оголошенні
або ж пишіть, у зручний для Вас месенджер

запрошую до співпраці, власників нерухомості
повний спектр послуг на ринку
купівля
продаж
оренда
юридичний супровід
безкоштовна консультація Продам будинок · Опубликовано 16 янв.",135000,Львів,Будинки
DIM.RIA,,"продаємо унікальний будинок з терасою
історичний  Львів
вул.Георгія Сковороди
50кв.м загальної площі
4-ох поверхвоий
утепленний фасад
будівництво 2023-го
чудовий варіант для інвестиції, оренда 700$|міс

будинок вежа
сучасний авторський проект, з якісним оздобленням
2 кімнати, ізольована спальня, вітальня, кухня
гардеробна, два балкони, два санвузла
нові якісні меблі, 
тераса з виглядом на Високий замок
уся нова побутова техніка, якісна сантехніка
підігрів підлоги, індукційна плита, кондиціонування
індивідуальне опалення, потужність 10квт, безперебійне водопостачання
облагороджена прибудинкова територія, подвір'я та безкоштовний паркінг
до будинку також є комора
чудовий варіант для інвестиції, вартість такої нерухомості 700$|міс

геолокацію надішлю за запитом
огляди, у будь який, зручний для Вас час
телефонуйте, за номером що вказанний в оголошенні
або ж пишіть, у зручний для Вас месенджер

запрошую до співпраці, власників нерухомості
повний спектр послуг на ринку
купівля
продаж
оренда
юридичний супровід
безкоштовна консультація",50,Львів,Будинки
DIM.RIA,"вул. Кричевського Михайла, 55","195 000 $ 1 500 $ за м² Додати в обране вул. Кричевського Михайла, 55 Залізничний · Львів 3 кімнати 3 поверхи 130 м² 1 сотка Спокійний район Престижний район Біля лісу Таунхаус «Central Таунхаус» від будівельної компанії SV house development 
ЖК «Central Таунхаус»
Спарені таунхауси, які знаходяться у місті Львів по вулиці Кричевського і по вулиці Євського (бічна вул.Патона)
Всі комунікації підключені, до всі фасадно-вуличні роботи виготовлені на 80%
* затишна садибна забудова;
* розвинена інфраструктура, поліклініка, садочки, школи, супермаркети, зупинки громадського транспорту;
* приватизована земля;
* закрита територія;
* власний гараж, місце для авто;
* великі тераси;
* місце для барбекю;
* центральна каналізація та водопостачання;
* лічильники електро-, водо- та газо-
* двохфункційний конденсаційний котел Viessmann;
* енергоефективні стіни (керамаблок) 
*утеплення графітовим пінопластом 100мм;
*клінкерний фасад;
* залізобетонні перекриття, монолітні сходи;
*штукатурені стіни;
* вільне планування;
* металопластикові вікна - семикамерний віконний ПВХ профіль VEKA SOFTLINE 82 склопакет 52мм
* вхідні двері Страж Proof Rio, гаражні ворота з автоматикою Hörmann;
* ворота Bonafence з автоматикою, огорожа, благоустрій, відеоспостереження..
* можна проводити внутрішні роботи Продаю будинок · Опубликовано 5 мар. 2025 · Перевірено
                    
                        5 мар. 2025",195000,Львів,3-кімнатні квартири
DIM.RIA,,3 кімнати 3 поверхи 130 м² 1 сотка,3,,3-кімнатні квартири
DIM.RIA,,"Таунхаус «Central Таунхаус» від будівельної компанії SV house development 
ЖК «Central Таунхаус»
Спарені таунхауси, які знаходяться у місті Львів по вулиці Кричевського і по вулиці Євського (бічна вул.Патона)
Всі комунікації підключені, до всі фасадно-вуличні роботи виготовлені на 80%
* затишна садибна забудова;
* розвинена інфраструктура, поліклініка, садочки, школи, супермаркети, зупинки громадського транспорту;
* приватизована земля;
* закрита територія;
* власний гараж, місце для авто;
* великі тераси;
* місце для барбекю;
* центральна каналізація та водопостачання;
* лічильники електро-, водо- та газо-
* двохфункційний конденсаційний котел Viessmann;
* енергоефективні стіни (керамаблок) 
*утеплення графітовим пінопластом 100мм;
*клінкерний фасад;
* залізобетонні перекриття, монолітні сходи;
*штукатурені стіни;
* вільне планування;
* металопластикові вікна - семикамерний віконний ПВХ профіль VEKA SOFTLINE 82 склопакет 52мм
* вхідні двері Страж Proof Rio, гаражні ворота з автоматикою Hörmann;
* ворота Bonafence з автоматикою, огорожа, благоустрій, відеоспостереження..
* можна проводити внутрішні роботи",80,Львів,Будинки
DIM.RIA,вул. Тернова,"65 000 $ 925 $ за м² Додати в обране вул. Тернова Сигнівка · Залізничний · Львів 2 кімнати 70 м² 2 поверхи Терміново Біля лісу ТЕРМІНОВИЙ ПРОДАЖ БУДИНКУ! 
 Вигідна ціна + можливий торг!

 Продається будинок по вул. Тернова
Загальна площа  70 м²

 Переваги будинку:
 2 поверхи + окремий вхід на другий поверх (ідеально під оренду або для двох сімей)
 3 кімнати
 Є горище (можна облаштувати під додатковий простір)
 Будинок спарений, але має своє зелене подвіря 
 Гараж для авто 

 Стан будинку:
 Середній стан
 Потребує ремонту:
 на 1 поверсі: 2 кімнати, кухня та вигоди
 на 2 поверсі: 1 кімната та кухня

 Комунікації:
 Власне опалення
 Є колодязь
 Каналізація не проведена, але є дозвіл на підключення

 Ціна: 65 000 $
 Реальному покупцю  торг!

 Телефон: XXX XXX XX XX (Анна)

️ Чудовий варіант для тих, хто хоче зробити ремонт під себе або під інвестицію!
Не зволікайте  дзвоніть вже сьогодні! Продаж будинку · Опубликовано 29 мар.",65000,Львів,3-кімнатні квартири
OLX,"Продаж котеджів від забудовника /Львів ,вул.Шевченка/Без комісії","Продаж котеджів від забудовника /Львів ,вул.Шевченка/Без комісії 4 330 778.70 грн. Львів, Шевченківський - Сьогодні о 06:27 75 м² Підписатися",4330778,Львів,Будинки
OLX,"Котедж з гаражем Львів, 10 хв до центру, без комісії","Котедж з гаражем Львів, 10 хв до центру, без комісії 5 110 318.87 грн. Львів, Шевченківський - Сьогодні о 09:26 111.50 м² Підписатися",10,Львів,Будинки
OLX,"Каркасний Будинок у Львові за проектом Black Diamond.

Буди","Каркасний Будинок у Львові за проектом Black Diamond.

Буди 2 362 800 грн. Львів, Шевченківський - 07 квітня 2026 р. 83 м² Підписатися",2362800,Львів,Будинки
OLX,Власний котедж у Львові від забудовника,"Власний котедж у Львові від забудовника 4 330 778.70 грн. Львів, Шевченківський - Сьогодні о 12:59 75 м² Підписатися",4330778,Львів,Будинки
OLX,Будинок у Львові. 4 км до центру | з гаражем та ділянкою | без комісії,"Будинок у Львові. 4 км до центру | з гаражем та ділянкою | без комісії 5 196 934.44 грн. Львів, Шевченківський - Сьогодні о 07:05 122 м² Підписатися",4,Львів,Будинки
OLX,Продаж Будинок. вул. Авіаційна-Львів,"Продаж Будинок. вул. Авіаційна-Львів 1 602 388.12 грн. Львів, Залізничний - 07 квітня 2026 р. 78 м² Підписатися",1602388,Львів,Будинки
OLX,Будинок у Львові. 10 хв до центру. Власник.,"Будинок у Львові. 10 хв до центру. Власник. 4 330 778.70 грн. Львів, Шевченківський - 05 квітня 2026 р. 74.40 м² Підписатися",10,Львів,Будинки
OLX,Продаж окремий будинок з ремонтом,"Продаж окремий будинок з ремонтом 11 043 485.69 грн. Львів, Залізничний - 31 березня 2026 р. 175 м² Підписатися",11043485,Львів,Будинки
OLX,Таунхаус Будинок Котедж Львів,"Таунхаус Будинок Котедж Львів 15 157 725.45 грн. Львів, Франківський - 07 квітня 2026 р. 200 м² Підписатися",15157725,Львів,Будинки
OLX,продаємо унікальний будинок з терасою|історичний Львів,"продаємо унікальний будинок з терасою|історичний Львів 5 846 551.25 грн. Львів, Личаківський - Сьогодні о 08:10 50 м² Підписатися",5846551,Львів,Будинки
OLX,Просторий та стильний будинок з авторським ремонтом! Львів,"Просторий та стильний будинок з авторським ремонтом! Львів 20 354 659.89 грн. Договірна Львів, Залізничний - Сьогодні о 07:38 291 м² Підписатися",20354659,Львів,Будинки
OLX,Власник. 4 км до центру. Котедж з відкритим гаражем,"Власник. 4 км до центру. Котедж з відкритим гаражем 4 330 778.70 грн. Львів, Шевченківський - 06 квітня 2026 р. 75 м² Підписатися",4,Львів,Будинки
OLX,Продаж Котеджу 90м2 | Баварська кладка | Розтермінування!,"Продаж Котеджу 90м2 | Баварська кладка | Розтермінування! 3 356 353.49 грн. Львів, Франківський - 07 квітня 2026 р. 90 м² Підписатися",90,Львів,Будинки
OLX,Продам будинок + ділянка вул.Гайворонського,"Продам будинок + ділянка вул.Гайворонського 20 138 120.96 грн. Львів, Франківський - Сьогодні о 08:02 277 м² Підписатися",20138120,Львів,Будинки
OLX,Продаж Будинок. вул. Авіаційна-Львів,"Продаж Будинок. вул. Авіаційна-Львів 1 602 388.12 грн. Львів, Залізничний - 07 квітня 2026 р. 78 м² Підписатися",1602388,Львів,Будинки
OLX,Оренда Будинок по вул.Лісна(Сихів),"Оренда Будинок по вул.Лісна(Сихів) 38 977.01 грн. Львів, Сихівський - 07 квітня 2026 р. 95 м² Підписатися",38977,Львів,Будинки
OLX,Котеджі «Central Таунхаус»вул.Патона(вул.Кричевського і вул.Євського),"Котеджі «Central Таунхаус»вул.Патона(вул.Кричевського і вул.Євського) 8 445 018.47 грн. Договірна Львів, Залізничний - 07 квітня 2026 р. 130 м² Підписатися",8445018,Львів,Будинки
OLX,Здам будинок з гаражем,"Здам будинок з гаражем 96 401.55 грн. Львів, Галицький - 14 березня 2026 р. 180 м² Підписатися",96401,Львів,Будинки
OLX,Здам окремий будинок з гаражем на два авто,"Здам окремий будинок з гаражем на два авто 60 630.90 грн. Львів, Франківський - 22 березня 2026 р. 170 м² Підписатися",60630,Львів,Будинки
OLX,Здам будинок з гаражем,"Здам будинок з гаражем 38 977.01 грн. Львів, Франківський - 19 березня 2026 р. 120 м² Підписатися",38977,Львів,Будинки
OLX,Продаж котеджу з сучасним і якісним ремонтом кінець Городоцької.,"Продаж котеджу з сучасним і якісним ремонтом кінець Городоцької. 9 090 304.49 грн. Львів, Залізничний - 05 квітня 2026 р. 135 м² Підписатися",9090304,Львів,Будинки
OLX,Новий сучасний котедж з ремонтом,"Новий сучасний котедж з ремонтом 8 878 096.34 грн. Львів, Залізничний - 25 березня 2026 р. 138 м² Підписатися",8878096,Львів,Будинки
OLX,Будинок 110м2| Галицьке перехрестя| Баварської кладки(ВІд Забудовника),"Будинок 110м2| Галицьке перехрестя| Баварської кладки(ВІд Забудовника) 4 958 741.61 грн. Львів, Шевченківський - 07 квітня 2026 р. 110 м² Підписатися",110,Львів,Будинки
OLX,Оренда дуплексу на 3 кім вул. Городоцька 198,"Оренда дуплексу на 3 кім вул. Городоцька 198 23 819.28 грн. Львів, Франківський - 30 березня 2026 р. 71 м² Підписатися",3,Львів,3-кімнатні квартири
OLX,Продаж котеджу у Львові вул. Миколайчука/Багалія/Студинського,"Продаж котеджу у Львові вул. Миколайчука/Багалія/Студинського 6 929 245.92 грн. Львів, Шевченківський - 31 березня 2026 р. 130 м² Підписатися",6929245,Львів,Будинки
OLX,"Котедж у КМ ""Mary land"" | Прибудинкова ділянка / Розтермінування 0%","Котедж у КМ ""Mary land"" | Прибудинкова ділянка / Розтермінування 0% 4 850 472.14 грн. Львів, Залізничний - 18 березня 2026 р. 120 м² Підписатися",0,Львів,Будинки
OLX,Власник.Котедж у Львові вул.Замарстинівська,"Власник.Котедж у Львові вул.Замарстинівська 12 992 336.10 грн. Договірна Львів, Шевченківський - 18 березня 2026 р. 290 м² Підписатися",12992336,Львів,Будинки
OLX,Будинок м.Львів вул.Підміська,"Будинок м.Львів вул.Підміська 16 456 959.06 грн. Львів, Франківський - 14 березня 2026 р. 181 м² Підписатися",16456959,Львів,Будинки
OLX,"Котедж у КМ ""Mary land"" | Тераса | Власне паркомісце","Котедж у КМ ""Mary land"" | Тераса | Власне паркомісце 5 196 934.44 грн. Львів, Залізничний - 12 березня 2026 р. 135 м² Підписатися",5196934,Львів,Будинки
OLX,Продаж від Забудовника! Котеджне містечко Білогорща,"Продаж від Забудовника! Котеджне містечко Білогорща 6 496 168.05 грн. Львів, Залізничний - 31 березня 2026 р. 128 м² Підписатися",6496168,Львів,Будинки
OLX,Продаж 4 к котеджу по вул. Каховська 19,"Продаж 4 к котеджу по вул. Каховська 19 9 744 252.08 грн. Львів, Залізничний - 18 березня 2026 р. 256.30 м² Підписатися",4,Львів,Будинки
OLX,Продаж 4 к котеджу по вул. Каховська 19,"Продаж 4 к котеджу по вул. Каховська 19 9 744 252.08 грн. Львів, Залізничний - 23 березня 2026 р. 256.30 м² Підписатися",4,Львів,Будинки
OLX,Продаж | Дуплекс 130м2 | Баварська кладка |Від Забудовника!,Продаж | Дуплекс 130м2 | Баварська кладка |Від Забудовника! 5 261 896.12 грн. Сокільники - Сьогодні о 12:36 130 м² Підписатися,130,,Дуплекси - первинний ринок
OLX,"Продаж котеджу 160м2 5,6 сот землі Сокільники","Продаж котеджу 160м2 5,6 сот землі Сокільники 5 413 473.38 грн. Сокільники - Сьогодні о 08:44 160 м² Підписатися",160,,Будинки
OLX,Продаж котеджів в Сокільниках котеджному містечку,Продаж котеджів в Сокільниках котеджному містечку 7 145 784.86 грн. Сокільники - Сьогодні о 06:54 110 м² Підписатися,7145784,,Будинки
OLX,Продаж котеджу в Сокільниках,Продаж котеджу в Сокільниках 8 661 557.40 грн. Сокільники - 07 квітня 2026 р. 157 м² Підписатися,8661557,,Будинки
OLX,"Продаж котеджу (Є ВІДЕО) у с.Сокільники (132 м.кв.), без комісії","Продаж котеджу (Є ВІДЕО) у с.Сокільники (132 м.кв.), без комісії 8 141 820.65 грн. Договірна Сокільники - 05 квітня 2026 р. 132 м² Підписатися",132,,Будинки
OLX,Продаж котеджу у Сокільниках,Продаж котеджу у Сокільниках 8 661 557.40 грн. Сокільники - 02 квітня 2026 р. 155 м² Підписатися,8661557,,Будинки
OLX,Продаж | Будинок | Забудовник | БАВАРСЬКА КЛАДКА | 130 М2 | 2.6 сотки,Продаж | Будинок | Забудовник | БАВАРСЬКА КЛАДКА | 130 М2 | 2.6 сотки 5 261 896.12 грн. Сокільники - 02 квітня 2026 р. 110 м² Підписатися,130,,Будинки
OLX,"Продаж котеджу у с. Сокільники, Львів.","Продаж котеджу у с. Сокільники, Львів. 7 578 862.73 грн. Договірна Сокільники - 31 березня 2026 р. 240 м² Підписатися",7578862,Львів,Будинки
OLX,Котедж (права частина) з підвалом 140кв/5 сот землі,Котедж (права частина) з підвалом 140кв/5 сот землі 5 630 012.31 грн. Договірна Сокільники - 30 березня 2026 р. 140 м² Підписатися,140,,Будинки
OLX,Продаж 2 поверхового котеджу в Сокільниках КМ Sokil Hill Без комісії!,Продаж 2 поверхового котеджу в Сокільниках КМ Sokil Hill Без комісії! 6 063 090.18 грн. Сокільники - 18 березня 2026 р. 112 м² Підписатися,2,,Будинки
OLX,Продаж 2 поверхового котеджу Сокільники КМ SOKIL HILL Без комісії!,Продаж 2 поверхового котеджу Сокільники КМ SOKIL HILL Без комісії! 8 661 557.40 грн. Сокільники - 17 березня 2026 р. 180 м² Підписатися,2,,Будинки
OLX,Продаж 2 поверхового котеджу в Сокільниках КМ SOKIL HILL Без комісії!,Продаж 2 поверхового котеджу в Сокільниках КМ SOKIL HILL Без комісії! 5 759 935.67 грн. Сокільники - 17 березня 2026 р. 91 м² Підписатися,2,,Будинки
OLX,"Продаж будинку в Сокільниках, в закритому котеджному містечку.","Продаж будинку в Сокільниках, в закритому котеджному містечку. 8 661 557.40 грн. Сокільники - 10 березня 2026 р. 157 м² Підписатися",8661557,,Будинки
OLX,Продаж котеджу Зубра ДО КІЛЬЦЕВОЇ,Продаж котеджу Зубра ДО КІЛЬЦЕВОЇ 5 759 935.67 грн. Договірна Зубра - 07 квітня 2026 р. 150 м² Підписатися,5759935,,Будинки
OLX,Продаж | Котедж 110м2 | Баварська кладка |Від Забудовника!,Продаж | Котедж 110м2 | Баварська кладка |Від Забудовника! 4 677 241 грн. Зубра - 07 квітня 2026 р. 110 м² Підписатися,110,,Будинки
OLX,ПРОДАЖ котеджу з документами в с.Зубра (Львів),ПРОДАЖ котеджу з документами в с.Зубра (Львів) 5 413 473.38 грн. Зубра - 06 квітня 2026 р. 132 м² Підписатися,5413473,Львів,Будинки
OLX,Будинок у Зубрі! КМ DreamДім!,Будинок у Зубрі! КМ DreamДім! 10 783 638.96 грн. Зубра - 05 квітня 2026 р. 295 м² Підписатися,10783638,,Будинки
OLX,Продаж котеджу / Без ремонту/ с.Зубра,Продаж котеджу / Без ремонту/ с.Зубра 4 980 395.51 грн. Зубра - 03 квітня 2026 р. 140 м² Підписатися,4980395,,Будинки
